Mixture,T cells,B cells,Plasma cells,Mono+mono derived cells,Circulating NK/NKT,Resident NK,cDC1s,cDC2s,Macrophages,pDCs,Basophils,Neutrophils,Mig.cDCs,P-value,Correlation,RMSE
D3_ISO6_LTL_1,0.354852970333295,0.243410330416064,0.0226135472062899,0.230613694369346,0.0544620149864615,0.0337184551429951,0,0,0.000977152428903175,0.0593518351166458,0,0,0,0,0.696017564801953,0.837459952426562
D3_ISO6_LTL_2,0.383614375831586,0.183829464859614,0.0380675084918099,0.205000657669229,0.107754397286479,0,0,0.0247897980220733,0,0.046649513514322,0.00106134844819574,0,0.0092329358766914,0,0.775887978171664,0.809156391090845
D4_ISO1_LTL_1,0.331957326189324,0.0976966964930225,0.00940277500553336,0.0421155014623534,0.134750055071653,0.264155251886054,0.00335706667385096,0.00257441157910595,0.0267450251910679,0.0265507010929715,0.000514028652862372,0,0.0601811607022011,0,0.817871738176335,0.808903396109576
D4_ISO1_LTL_2,0.487247421600207,0.0689297459122288,0.00575348888787196,0.0725936386229027,0.120421347194549,0.153579465731584,0.000568680828142224,0,0.0092594516945295,0.0244054908340709,0.00103775469592426,0,0.0562035139979893,0,0.720998752851972,0.85275517397913
D3_ISO1_LTL_1,0.210320524721892,0.221075557535594,0.0139489418698127,0.157936318617848,0.0991577320928049,0.0902109730786221,0.000353776737108834,0.104573939413976,0,0.0553168726168548,0,0,0.0471053633154871,0,0.610181117716153,0.838074147910515
D3_ISO1_LTL_2,0.140229560037966,0.296109498792031,0.0176855248270136,0.0930153237338505,0.1163641491993,0.152899501549845,0,0.128295852928357,0,0.0260330678689082,0.000824575289100811,0,0.0285429457736277,0,0.619902989694317,0.845251194911945
D3_INT_LTL_PI_1,0,0.314468541735243,0.0066609767409844,0.114758632707545,0.130128264245734,0.0823962182774289,0.0632410958050646,0.0851097984292399,0.0176518908831947,0.0665143321670583,0,0,0.119070249008507,0,0.68846485001739,0.745546929510313
D3_INT_LTL_PI_2,0.291389630289475,0.42399324566647,0.030049066002919,0.0660447823825776,0.0633211335357233,0,0.0138113483204906,0.0198798461152605,0.0312446772766009,0.0320023056066733,0.002408036027752,0,0.0258559287760578,0,0.596137912304769,0.864653325983273
D3_INT_LTL_LPS_1,0.422407237506244,0.105183337498442,0.0495597046163933,0.169827805318007,0.0917135037672987,0,0,0,0,0.158857862040825,0.00245054925279079,0,0,0,0.500884486138516,0.902752145494595
D3_INT_LTL_LPS_2,0.155821405346099,0.3536656834725,0.00403922183164257,0,0.0894059255368366,0.00271463654450919,0.0289484617395405,0.178506281600196,0.0206815713150694,0.0790349286832946,0.0412987562180983,0.0300549177885584,0.0158282099236559,0,0.577384726172489,0.838813682751271
D3_INT_LTL_5OP_1,0.00569822870329015,0.369082591929199,0.0189519507871355,0,0.408168945012249,0,0,0.106222973471439,0,0.00798298519743675,0,0.0444641804402403,0.0394281444590095,0,0.609145262780231,0.863625240719054
D3_INT_LTL_5OP_2,0.168998617768151,0.407106660398249,0.0420588317596032,0,0.0226132575167096,0.100062291276926,0,0.176612280639151,0,0.0397424000229759,0,0,0.0428056606182345,0,0.418926113912266,0.912519598132016
D3_INT_LTL_C_1,0.373273846138906,0.056585051984555,0.0695076821628984,0,0.269794450940968,0.0519955826735978,0.00831714451726624,0.0388906473235977,0.000785598181483621,0.0900045994485086,0,0.040614359260472,0.00023103736774721,0,0.480232952864346,0.919882136298638
D3_INT_LTL_C_2,0.22081621028203,0.325097557182625,0.0156971571140552,0.169596937132773,0.168262976984401,0,0,0.0384485112244614,0.000323782410729149,0.0440598165163989,0.0046250871049238,0,0.0130719640476013,0,0.648030738855291,0.851086638890426
D4_INT_LTL_PI_1,0.333910553939361,0.165116236091854,0.0232223435299238,0.0817343326027891,0.164573723167413,0.0225084645911261,0,0.0401475812774697,0.0149612779755091,0.11045837042113,0.000765412055016721,0.0250953903152646,0.0175063140331429,0.02,0.172975651241464,0.988455916090013
D4_INT_LTL_PI_2,0.157611994274532,0.391380870499448,0.0169837027362289,0.0834283543296442,0.0881680513306963,0.0565392345476658,0.0575696790883755,0,0.0837042782804119,0.0239966613536769,0.00335558277142951,0,0.0372615907878908,0,0.670534200560389,0.781969506650577
D4_INT_LTL_LPS_1,0.378999078999624,0.176514407035641,0.0241297928546793,0.201505927778885,0.115174542915313,0,0.00670080187933422,0,0.0507122530290292,0.032594736773479,0.00359575109161245,0,0.0100727076424039,0,0.550273175704166,0.862825322603625
D4_INT_LTL_LPS_2,0.518636171948236,0.105874511767692,0.0404273880302293,0.170341964491333,0,0.0680277744202928,0,0,0.0400285465881495,0.0359142965036605,0.00196045449271721,0,0.0187888917576906,0,0.7671992777973,0.79689072892129
D4_INT_LTL_5OP_1,0.363760181556532,0.191081059412002,0.0314661887013323,0.0912971906164267,0.0672889839788067,0.062220048920026,0,0.0291006199653337,0.019698849336798,0.0885726453688039,0.00556148035529107,0.038631797859328,0.0113209539293198,0.04,0.0857772356928566,1.00998606377018
D4_INT_LTL_5OP_2,0.439465133344796,0.206635225057967,0.0194195939463219,0.229526389509194,0.0136568560115132,0,0.00424089750170886,0,0.0347869936078549,0.0489165529930066,0.00335235802763654,0,0,0,0.720115207415226,0.802585360188053
D4_INT_LTL_C_1,0.316938262846932,0.0470381954219803,0.079313552522475,0.324049978472244,0.0725684583805891,0.0808402333529931,0,0,0.0372223559387283,0.0339963876332567,0.00249071104042091,0,0.00554186439038097,0,0.754233044669813,0.752624114906088
D4_INT_LTL_C_2,0.362835681754715,0.167008231247751,0.0355895480068695,0.179142679350549,0.0601053907701378,0.030408002916445,0,0,0.0597113623410049,0.0636851340415891,0.00515397580115161,0,0.0363599937697874,0,0.616552040088273,0.830684901203366
D4_ISO6_LTL_1,0.512444917185458,0.0761160723934224,0.00236560507706888,0.0329687920987176,0.178533818402836,0.103190328873012,0.00554432357971817,0.0190257201406858,0.00971348579837216,0.0261241322253605,0.0013538431923789,0,0.0326189610329703,0,0.709118924283226,0.864615891244145
D4_ISO6_LTL_2,0.512559838195785,0.107962565543213,0.0155074154590671,0.108877346103462,0.185219941930021,0.0300824686642701,0,0,0.00262009640778139,0.0199961878777488,0.000915524765778378,0,0.0162586150528739,0,0.856182790662627,0.831428990784663
